as,concrete
of,concrete
apt,concrete
however,concrete
than,concrete
nor,concrete
then,concrete
also,concrete
at,concrete
was,concrete
are,concrete
how,concrete
so,concrete
because,concrete
from,concrete
thus,concrete
impossible,concrete
therefore,concrete
to,concrete
were,concrete
a,concrete
would,concrete
unreality,abstract
if,concrete
infinity,abstract
while,concrete
incongruity,abstract
by,concrete
too,concrete
immortality,abstract
its,abstract
indolence,abstract
sagacity,abstract
tun,concrete
eternal,abstract
been,concrete
which,concrete
there,concrete
an,concrete
aspect,abstract
mediocrity,abstract
although,concrete
only,concrete
justification,abstract
preference,abstract
when,concrete
and,concrete
moral,abstract
any,concrete
discretion,abstract
else,concrete
nowhere,abstract
perturbation,abstract
responsibility,abstract
unknown,abstract
unlearn,abstract
hardly,concrete
is,concrete
very,concrete
be,concrete
inefficiency,abstract
infallibility,abstract
nabob,abstract
known,concrete
meant,concrete
seem,concrete
about,concrete
but,concrete
pretence,abstract
affright,concrete
rebec,concrete
uneasiness,abstract
aweigh,abstract
devotion,abstract
humble,concrete
alias,concrete
equanimity,abstract
reputation,abstract
that,concrete
aye,concrete
oh,concrete
quire,concrete
byre,concrete
maturity,abstract
mood,abstract
unhappiness,abstract
who,concrete
did,concrete
usual,abstract
exasperation,abstract
incredulity,abstract
normal,abstract
reckoning,abstract
superfluity,abstract
the,concrete
uncertainty,abstract
jupon,abstract
obedience,abstract
cede,concrete
gratitude,abstract
hatred,abstract
mercy,abstract
avowal,abstract
gallant,concrete
optimism,abstract
this,concrete
throe,concrete
went,concrete
wept,concrete
absolution,abstract
anxiety,abstract
aptitude,abstract
astute,abstract
affirmation,abstract
after,concrete
derivation,abstract
enigma,abstract
gybe,concrete
idleness,abstract
impunity,abstract
independence,abstract
much,concrete
nicety,abstract
oblivion,abstract
social,abstract
determination,abstract
essence,abstract
irony,abstract
obsession,abstract
tendency,abstract
virtue,abstract
whom,concrete
foolish,concrete
harm,abstract
importance,abstract
unjust,abstract
cowardly,concrete
for,concrete
okay,concrete
our,concrete
principle,abstract
enough,concrete
lagan,concrete
actuality,abstract
analogy,abstract
distinct,concrete
guess,concrete
inexperience,abstract
innocence,abstract
integrity,abstract
monad,abstract
since,concrete
incompetent,concrete
insolence,abstract
intemperance,abstract
malice,abstract
metis,concrete
or,concrete
prestige,abstract
reformation,abstract
same,concrete
such,abstract
always,concrete
ignorance,abstract
illusion,abstract
out,concrete
should,concrete
yet,concrete
abatement,abstract
cinque,concrete
circumstance,abstract
exactitude,abstract
indiscretion,abstract
ingratitude,abstract
jealousy,abstract
logic,abstract
unanimity,abstract
vanity,abstract
beneficial,abstract
disposition,abstract
have,concrete
misconception,abstract
quaich,concrete
concert,abstract
enunciation,abstract
etiquette,abstract
got,concrete
illiteracy,abstract
resentment,abstract
unconcern,abstract
woe,abstract
ah,concrete
animosity,abstract
detestation,abstract
had,concrete
ideal,concrete
indifferent,concrete
my,concrete
weird,concrete
chance,abstract
forethought,abstract
intellect,abstract
those,concrete
conscience,abstract
dishonesty,abstract
fate,abstract
motive,abstract
prevalent,abstract
competence,abstract
mystery,abstract
nonsense,abstract
pathetic,concrete
where,concrete
your,concrete
away,concrete
deceit,abstract
demeanour,abstract
desperation,abstract
disparagement,abstract
hesitation,abstract
impatience,abstract
insufficiency,abstract
interposition,abstract
just,concrete
magic,abstract
originality,abstract
paradox,abstract
philosophy,abstract
taluk,concrete
their,concrete
undoing,abstract
weakness,abstract
worth,abstract
betrayal,abstract
convocation,abstract
fallacy,abstract
honour,abstract
sentiment,abstract
vary,concrete
am,concrete
idea,abstract
impropriety,abstract
never,concrete
consequence,abstract
consideration,abstract
emotion,abstract
enlightenment,abstract
exception,abstract
falsehood,abstract
generous,abstract
judgement,abstract
parallelism,abstract
regret,abstract
sufferance,abstract
these,concrete
try,concrete
unbelief,abstract
usurp,concrete
value,abstract
before,concrete
bravery,abstract
criterion,abstract
ego,abstract
hope,concrete
hypothesis,abstract
kindness,abstract
loyalty,abstract
soon,concrete
truth,abstract
boredom,abstract
definition,abstract
degraded,abstract
depict,concrete
extra,concrete
feeling,abstract
greed,abstract
immensity,abstract
infringement,abstract
inhibition,abstract
insistence,abstract
late,concrete
next,concrete
on,concrete
ostentation,abstract
resumption,abstract
spite,abstract
cowardice,abstract
reluctant,concrete
unlimited,abstract
clemency,abstract
concept,abstract
every,concrete
kept,concrete
protocol,abstract
theoretical,abstract
adherence,abstract
attitude,abstract
came,concrete
cunning,abstract
distinction,abstract
envy,abstract
extreme,abstract
legitimate,abstract
rarity,abstract
resolution,abstract
sensation,abstract
suspicion,abstract
temptation,abstract
tolerant,abstract
unpleasantness,abstract
way,concrete
abrupt,abstract
attribute,abstract
chronology,abstract
enthusiasm,abstract
jeopardy,abstract
leal,concrete
less,concrete
patience,abstract
recognition,abstract
unification,abstract
abundance,abstract
adolescence,abstract
all,concrete
anneal,abstract
approval,abstract
bother,concrete
dread,abstract
extent,abstract
has,concrete
infinite,abstract
neutrality,abstract
quietude,abstract
why,concrete
witan,concrete
without,abstract
yore,concrete
allow,concrete
complacent,concrete
diversity,abstract
each,concrete
typical,concrete
wise,abstract
with,concrete
admonish,concrete
alacrity,abstract
salvation,abstract
true,abstract
understanding,abstract
accordance,abstract
belief,abstract
betterment,abstract
bewilderment,abstract
bitterness,abstract
capitulate,abstract
cognition,abstract
confidence,abstract
consolation,abstract
difference,abstract
disparity,abstract
disquiet,abstract
heresy,abstract
insight,abstract
irregularity,abstract
mischance,abstract
nope,concrete
pride,abstract
verity,abstract
we,concrete
wish,concrete
aggress,abstract
appear,concrete
done,concrete
excise,abstract
impulse,abstract
it,concrete
might,concrete
abandonment,abstract
acumen,abstract
allegation,abstract
concurrence,abstract
denial,abstract
functional,abstract
indulgent,concrete
initiation,abstract
legendary,concrete
perdition,abstract
philology,abstract
refinement,abstract
vague,abstract
ability,abstract
became,concrete
caul,abstract
copious,abstract
gist,abstract
littoral,concrete
necessity,abstract
not,concrete
sin,abstract
symbolism,abstract
devil,abstract
dimension,abstract
imagination,abstract
inadequate,concrete
know,concrete
pax,concrete
quality,abstract
thought,concrete
through,concrete
abasement,abstract
abdication,abstract
avid,concrete
defiance,abstract
domination,abstract
experience,abstract
gaiety,abstract
goodness,abstract
incursion,abstract
indigenous,abstract
intelligence,abstract
iota,abstract
joviality,abstract
least,concrete
limn,concrete
luck,abstract
other,concrete
restore,abstract
will,concrete
wisdom,abstract
authentic,abstract
bedel,concrete
being,concrete
do,concrete
many,concrete
truism,abstract
amazement,abstract
blessing,abstract
courage,abstract
discipline,abstract
freedom,abstract
hostility,abstract
predicament,abstract
amity,abstract
conclusion,abstract
disgrace,abstract
fullness,abstract
honesty,abstract
impetus,abstract
in,concrete
knowledge,abstract
recommend,abstract
sympathy,abstract
appraise,abstract
despair,abstract
facility,abstract
gramercy,concrete
mastery,abstract
nadir,abstract
nice,concrete
pacifism,abstract
ratal,concrete
worse,abstract
affection,abstract
dexterity,abstract
dignity,abstract
endeavour,abstract
influence,abstract
latter,concrete
purpose,abstract
respect,abstract
retention,abstract
snub,abstract
supposition,abstract
ambition,abstract
drab,abstract
intimate,abstract
off,concrete
paean,abstract
sure,concrete
advantage,abstract
best,concrete
confusion,abstract
delight,abstract
disavow,abstract
distress,abstract
emanation,abstract
excitement,abstract
failure,abstract
imperfection,abstract
indication,abstract
miracle,abstract
neglect,abstract
reprisal,abstract
sorrow,abstract
sural,abstract
upset,concrete
adze,concrete
allegory,abstract
brave,concrete
eccentricity,abstract
even,concrete
heroism,abstract
mien,abstract
suffrage,abstract
tempt,concrete
daman,concrete
economy,abstract
fane,concrete
instance,abstract
memory,abstract
more,concrete
abridgement,abstract
accumulation,abstract
condescension,abstract
here,concrete
himself,concrete
identification,abstract
intention,abstract
lenient,abstract
opinion,abstract
originate,concrete
real,abstract
relaxation,abstract
rhumb,concrete
temerity,abstract
like,concrete
rule,abstract
severe,abstract
some,concrete
cause,abstract
lessen,abstract
over,concrete
perception,abstract
put,concrete
salep,concrete
satire,abstract
shame,abstract
sigil,abstract
theory,abstract
tush,abstract
antagonism,abstract
anticipation,abstract
assistance,abstract
conjunction,abstract
continuation,abstract
easy,concrete
elaboration,abstract
feint,abstract
fetish,abstract
impression,abstract
inducement,abstract
none,concrete
pious,abstract
predict,abstract
quickness,abstract
torment,abstract
distraction,abstract
inanity,abstract
justify,abstract
madness,abstract
relinquish,abstract
solemnity,abstract
soul,abstract
suppression,abstract
acknowledge,abstract
disappointed,concrete
get,concrete
hasty,abstract
impossibility,abstract
reprove,abstract
risk,abstract
sane,abstract
scorn,abstract
security,abstract
talent,abstract
advice,abstract
dare,concrete
knew,concrete
tradition,abstract
banality,abstract
join,concrete
mischievous,abstract
quickly,concrete
sear,concrete
sent,concrete
stifle,concrete
swage,concrete
blame,abstract
capacity,abstract
commencement,abstract
dotage,abstract
estimate,abstract
exclusion,abstract
immunity,abstract
marvel,abstract
past,concrete
sanctity,abstract
savant,abstract
slow,abstract
what,concrete
laud,abstract
behaviour,abstract
boast,concrete
craven,abstract
eerie,abstract
effect,abstract
fantasy,abstract
forfeit,abstract
fun,concrete
genuine,abstract
grievance,abstract
happiness,abstract
literal,abstract
mismanagement,abstract
recollection,abstract
rote,abstract
success,abstract
venture,abstract
admire,abstract
atrocity,abstract
effort,abstract
nidus,abstract
reality,abstract
spirit,abstract
decision,abstract
expression,abstract
failing,abstract
good,concrete
inaction,abstract
kevel,concrete
levity,abstract
manner,abstract
misery,abstract
must,concrete
overproduction,abstract
renounce,abstract
scarce,abstract
thrifty,abstract
variety,abstract
bereavement,abstract
democracy,abstract
discord,abstract
inclemency,abstract
accord,abstract
chaos,abstract
disclosure,abstract
ever,concrete
guilt,abstract
last,concrete
logos,concrete
lose,concrete
make,abstract
meek,concrete
rebus,concrete
stingy,concrete
upkeep,abstract
beg,concrete
content,abstract
dismissal,abstract
fore,concrete
joy,abstract
overtone,abstract
passion,abstract
persecution,abstract
precaution,abstract
requirement,abstract
sloe,concrete
trust,abstract
undertaking,abstract
unique,abstract
usury,abstract
moment,abstract
prohibit,abstract
prosperity,abstract
able,concrete
compliment,abstract
considerable,abstract
demon,abstract
eager,concrete
emancipation,abstract
eternity,abstract
far,concrete
gravity,abstract
legality,abstract
liberty,abstract
mar,abstract
pleasure,abstract
refined,abstract
tyranny,abstract
want,concrete
condition,abstract
conjugation,abstract
conservation,abstract
curiosity,abstract
debut,abstract
depression,abstract
equity,abstract
frenzy,abstract
grief,abstract
haste,abstract
learning,abstract
method,abstract
narrowness,abstract
pity,abstract
realm,abstract
relief,abstract
separation,abstract
wrong,concrete
apart,concrete
evolution,abstract
fast,concrete
figment,abstract
folly,abstract
fraud,abstract
frugal,abstract
functionary,abstract
glory,abstract
heartless,abstract
mucin,abstract
replete,abstract
smart,concrete
succeed,abstract
wrath,abstract
zeal,abstract
admission,abstract
catastrophe,abstract
conflict,abstract
deity,abstract
ease,abstract
elimination,abstract
fury,abstract
heaven,abstract
inauguration,abstract
interest,abstract
irritation,abstract
outset,concrete
proportion,abstract
reign,abstract
revenge,abstract
satisfaction,abstract
stoic,abstract
vigilance,abstract
wonder,concrete
axiom,abstract
following,concrete
into,concrete
lees,abstract
oblivious,abstract
opportunity,abstract
pause,abstract
responsive,concrete
said,concrete
simple,concrete
tell,concrete
bleak,abstract
fourth,concrete
justice,abstract
pardon,abstract
amour,concrete
arrangement,abstract
bad,concrete
bred,abstract
challenge,abstract
choose,abstract
dullness,abstract
explanation,abstract
faze,abstract
fervour,abstract
forecast,abstract
innate,abstract
mad,concrete
merit,abstract
picul,concrete
plea,abstract
protection,abstract
rate,abstract
reciprocal,abstract
retain,abstract
stop,concrete
succour,abstract
technicality,abstract
unction,abstract
aural,abstract
elegant,concrete
few,concrete
humour,abstract
impartial,abstract
now,concrete
peace,abstract
productive,abstract
rating,abstract
unite,abstract
voluntary,abstract
welfare,abstract
interim,abstract
ridicule,abstract
sold,concrete
trouble,abstract
adjournment,abstract
adultery,abstract
apology,abstract
assent,abstract
comparison,abstract
control,abstract
disagreement,abstract
first,concrete
flow,abstract
future,abstract
goral,concrete
great,concrete
inferior,abstract
insolent,abstract
instinct,abstract
intimation,abstract
lack,abstract
love,abstract
parry,concrete
personal,abstract
personality,abstract
poor,abstract
rumour,abstract
severance,abstract
situation,abstract
slovenly,abstract
tidy,concrete
upon,abstract
hint,abstract
reaction,abstract
tapis,concrete
valor,abstract
attempt,abstract
chaotic,concrete
clever,concrete
favourite,abstract
grudge,abstract
loss,abstract
mean,concrete
perse,abstract
purl,concrete
reduction,abstract
romance,abstract
spare,abstract
thoughtful,concrete
wary,abstract
adversity,abstract
condemn,abstract
context,abstract
despise,concrete
grace,abstract
neat,concrete
need,concrete
pep,abstract
plaice,concrete
save,concrete
tacet,concrete
amplitude,abstract
anger,abstract
calmness,abstract
comradeship,abstract
fault,abstract
increase,abstract
insurance,abstract
lax,abstract
manus,abstract
occasional,abstract
once,concrete
shown,concrete
used,concrete
vain,abstract
warn,concrete
adjective,abstract
bhang,concrete
criticism,abstract
development,abstract
encounter,abstract
excuse,abstract
opposition,abstract
quest,abstract
sense,abstract
they,concrete
yucca,concrete
coulomb,abstract
dogma,abstract
incapable,abstract
obedient,concrete
own,abstract
plentiful,concrete
wait,concrete
beginning,concrete
consummation,abstract
delirium,abstract
disruptive,concrete
glad,concrete
idle,abstract
lovely,concrete
misuse,abstract
no,concrete
outcome,abstract
production,abstract
result,abstract
suffix,concrete
told,concrete
vacant,abstract
crisis,abstract
omen,abstract
origin,abstract
recall,concrete
sine,concrete
under,abstract
abhor,abstract
betel,concrete
calix,concrete
dalliance,abstract
drop,concrete
education,abstract
elopement,abstract
end,concrete
evacuation,abstract
generation,abstract
help,concrete
his,concrete
hypnotic,abstract
ignore,concrete
import,concrete
lament,abstract
nares,concrete
obscure,concrete
sympathetic,concrete
thrill,abstract
upheaval,abstract
wander,concrete
amuse,abstract
butyl,concrete
comestible,concrete
gone,concrete
graceful,abstract
most,concrete
offend,concrete
phrase,abstract
blunder,abstract
both,concrete
duty,abstract
forth,concrete
frustrate,concrete
gentle,concrete
increment,abstract
liken,concrete
low,abstract
solemn,abstract
younger,concrete
approach,abstract
closer,concrete
complication,abstract
confiscate,abstract
custom,abstract
flourish,abstract
kind,abstract
perjury,abstract
pommel,concrete
receptive,abstract
safety,abstract
aim,concrete
attend,abstract
blasphemy,abstract
borne,concrete
composure,abstract
dreary,abstract
exertion,abstract
feel,abstract
frieze,concrete
higher,abstract
lust,abstract
main,concrete
panic,abstract
send,concrete
standard,abstract
supplication,abstract
unrest,abstract
whole,concrete
won,abstract
ashamed,abstract
desolate,abstract
expansion,abstract
lone,concrete
mischief,abstract
power,abstract
refrain,abstract
sobriety,abstract
amendment,abstract
combination,abstract
dear,concrete
farther,concrete
fear,abstract
give,concrete
improvement,abstract
jamb,concrete
loquacity,abstract
observation,abstract
paradise,abstract
presence,abstract
primary,abstract
provender,abstract
surprise,concrete
terror,abstract
veto,abstract
violation,abstract
agility,abstract
agreement,abstract
ampere,abstract
deduction,abstract
diffusion,abstract
fail,abstract
hardship,abstract
made,concrete
proud,concrete
puny,concrete
rare,abstract
arrival,abstract
clearance,abstract
factor,abstract
fine,concrete
free,abstract
history,abstract
impotency,abstract
lune,abstract
mathematical,abstract
proof,abstract
scheme,abstract
selection,abstract
swayed,concrete
trend,abstract
awkward,abstract
busy,concrete
cheat,concrete
deficient,abstract
hindrance,abstract
melancholy,abstract
mimic,concrete
perish,abstract
pique,abstract
rejoice,abstract
stay,concrete
vow,abstract
yonder,concrete
aberration,abstract
heredity,abstract
mild,abstract
shallow,concrete
administration,abstract
calculus,abstract
claim,abstract
disappoint,concrete
enterprise,abstract
force,abstract
hale,concrete
impersonation,abstract
lain,concrete
oath,abstract
practical,abstract
repeat,abstract
tally,concrete
tragedy,abstract
transfer,abstract
discovery,abstract
division,abstract
fact,abstract
feudalism,abstract
humane,abstract
lien,abstract
may,concrete
reason,abstract
take,concrete
triumph,abstract
appeal,abstract
dais,concrete
hierarchy,abstract
intermission,concrete
magnitude,abstract
mind,abstract
oscillation,abstract
recreant,concrete
spree,abstract
suggestion,abstract
threw,concrete
airy,abstract
emergency,abstract
goddess,concrete
myth,abstract
tranquil,abstract
aboriginal,abstract
amount,abstract
childhood,concrete
embezzlement,abstract
flair,abstract
friendship,abstract
hate,abstract
rigidity,abstract
role,abstract
simper,concrete
society,abstract
tame,concrete
threat,abstract
truce,abstract
afraid,concrete
beauty,abstract
born,concrete
direction,abstract
foible,abstract
keen,abstract
neuter,abstract
ownership,abstract
permanent,abstract
raze,abstract
repulsive,abstract
seen,concrete
subtraction,abstract
theme,abstract
abduction,abstract
cite,abstract
finite,abstract
go,concrete
jibe,abstract
near,concrete
nisus,abstract
portray,concrete
verb,abstract
waive,abstract
wrest,concrete
bland,concrete
danger,abstract
geography,abstract
grade,abstract
havoc,abstract
humiliation,abstract
inanimate,abstract
interruption,abstract
issue,abstract
jeer,concrete
majority,abstract
martial,abstract
nervous,concrete
preparation,abstract
remittance,abstract
strain,abstract
swift,abstract
addition,abstract
adorn,concrete
bole,concrete
conquest,abstract
docile,concrete
down,concrete
exposure,abstract
incise,abstract
keep,concrete
ornate,concrete
part,concrete
protest,abstract
provincial,concrete
reflection,abstract
strength,abstract
tribute,abstract
universal,abstract
unsuccessful,concrete
caught,concrete
dumb,concrete
evidence,abstract
extermination,abstract
incident,abstract
prejudice,abstract
quantity,abstract
raise,abstract
teem,abstract
thwart,concrete
appointment,abstract
contamination,abstract
description,abstract
discussion,abstract
escape,abstract
horror,abstract
introduction,abstract
left,concrete
maternity,abstract
meet,concrete
pretty,concrete
zero,concrete
assist,concrete
care,abstract
competition,abstract
deal,abstract
equality,abstract
genius,abstract
hazard,abstract
lode,concrete
polite,abstract
rancid,abstract
sell,concrete
stole,concrete
anybody,concrete
election,abstract
extravagant,abstract
finish,concrete
function,abstract
poverty,abstract
quick,abstract
sluggish,concrete
time,concrete
treatment,abstract
bore,abstract
brutality,abstract
dual,abstract
faster,concrete
hybrid,abstract
order,abstract
punish,abstract
second,concrete
style,abstract
them,concrete
feat,abstract
halt,concrete
jubilant,abstract
month,concrete
mystic,abstract
repress,abstract
retard,abstract
tenure,abstract
aurora,concrete
century,abstract
courtship,abstract
defence,abstract
emergence,abstract
gain,concrete
grisly,abstract
incantation,abstract
luxury,abstract
occasion,abstract
onslaught,abstract
pronoun,abstract
removal,abstract
skill,abstract
think,concrete
cope,abstract
mouser,concrete
south,concrete
agony,abstract
cost,abstract
disobedient,concrete
forbid,abstract
goof,abstract
imitate,concrete
new,abstract
older,concrete
upright,abstract
wide,concrete
bequest,abstract
cult,abstract
earn,concrete
edict,abstract
fraternal,abstract
huzza,concrete
hygiene,abstract
law,abstract
mister,concrete
old,concrete
stern,concrete
vocation,abstract
artificial,concrete
boll,concrete
brilliant,concrete
coolness,abstract
disconnection,abstract
dispute,abstract
laid,concrete
perry,concrete
precipitate,abstract
private,abstract
psychology,abstract
rush,abstract
thing,concrete
ting,abstract
watt,concrete
welcome,abstract
abundant,abstract
ashen,abstract
centennial,abstract
count,concrete
culture,abstract
find,concrete
foul,abstract
investigation,abstract
oblique,abstract
plenipotentiary,abstract
position,abstract
rest,abstract
seine,concrete
short,concrete
stupid,concrete
vacate,abstract
weak,concrete
adverb,abstract
charm,abstract
cure,abstract
jargon,abstract
see,concrete
silence,abstract
span,concrete
tale,abstract
tuff,concrete
velocity,abstract
clamour,abstract
contribution,abstract
dense,concrete
distance,concrete
flexibility,abstract
inebriety,abstract
minor,abstract
plait,concrete
preposition,abstract
rode,concrete
seduction,abstract
sequel,abstract
shortage,abstract
teach,abstract
temper,abstract
vigil,abstract
fool,concrete
lazy,concrete
praise,abstract
size,abstract
still,concrete
wrack,concrete
assortment,abstract
come,concrete
geographical,abstract
happy,concrete
hell,concrete
smear,abstract
west,concrete
agile,abstract
beloved,concrete
compression,abstract
dictation,abstract
exchange,abstract
exploration,abstract
fashion,abstract
grown,concrete
mixture,abstract
modernist,abstract
namesake,concrete
pour,abstract
prosper,abstract
public,abstract
surrender,abstract
system,abstract
zoology,concrete
lie,abstract
plan,abstract
worn,concrete
acceleration,abstract
appearance,abstract
die,concrete
discolouration,abstract
exhaustion,abstract
godhead,abstract
habit,abstract
impediment,abstract
inquiry,abstract
morbid,abstract
outbreak,abstract
period,abstract
punishment,abstract
regency,concrete
resistance,abstract
ruff,concrete
rural,abstract
utterance,abstract
clear,abstract
expulsion,abstract
harsh,abstract
turn,concrete
vulgar,abstract
break,concrete
calm,abstract
corse,concrete
franchise,abstract
greedy,abstract
idiom,abstract
peaceful,abstract
phase,abstract
pledge,abstract
prime,concrete
problem,abstract
pull,concrete
ripe,abstract
sad,concrete
wear,concrete
beat,concrete
brief,concrete
civilization,abstract
corporation,abstract
farewell,concrete
farthing,concrete
fatherland,abstract
intense,abstract
life,abstract
minute,concrete
multitude,abstract
pare,concrete
right,abstract
syllable,abstract
theft,abstract
treaty,abstract
wrung,concrete
cheerful,abstract
engagement,abstract
marry,concrete
pall,abstract
refresh,abstract
taper,abstract
curse,abstract
defeat,abstract
east,concrete
noel,concrete
regulation,abstract
reminder,abstract
shone,concrete
softly,concrete
solidify,concrete
steal,abstract
substratum,abstract
weigh,concrete
apathy,abstract
bid,abstract
carry,concrete
cool,concrete
courteous,abstract
despot,concrete
fortune,abstract
million,abstract
phantom,concrete
prelude,abstract
profit,abstract
sale,abstract
service,abstract
strop,concrete
sward,concrete
win,concrete
year,concrete
account,abstract
ague,concrete
can,concrete
character,abstract
comedy,abstract
death,abstract
destruction,abstract
distortion,abstract
five,concrete
four,concrete
god,abstract
length,abstract
offshoot,abstract
proxy,abstract
serial,concrete
stare,abstract
tense,abstract
till,concrete
utter,abstract
balance,abstract
budget,abstract
dividend,abstract
howler,abstract
measure,abstract
redeemer,abstract
research,abstract
rotation,abstract
saga,abstract
science,abstract
soar,concrete
topic,abstract
translation,abstract
blew,concrete
bribe,abstract
constitution,abstract
cruel,abstract
destroy,abstract
motion,abstract
mutiny,abstract
retreat,abstract
announcement,abstract
caste,abstract
contraction,abstract
conveyance,abstract
eight,concrete
him,concrete
hurt,concrete
promotion,abstract
reach,concrete
remark,abstract
remedy,abstract
replacement,abstract
rise,abstract
subsection,abstract
supply,abstract
thaw,abstract
trance,abstract
undulation,abstract
ware,concrete
clinch,concrete
haul,concrete
hearing,abstract
audition,abstract
buy,concrete
debacle,abstract
decay,abstract
demolish,abstract
learn,concrete
led,concrete
merry,concrete
prefix,concrete
seer,abstract
selling,concrete
wealth,abstract
you,concrete
aristocracy,abstract
array,abstract
audit,abstract
center,abstract
dryad,concrete
embellishment,abstract
finance,abstract
halve,abstract
high,abstract
lease,concrete
overlap,abstract
precursor,abstract
search,abstract
sneer,abstract
spangle,abstract
trace,abstract
twang,abstract
aid,abstract
bury,concrete
dolt,concrete
encore,concrete
fill,concrete
glimpse,abstract
graft,abstract
harmony,abstract
health,abstract
loan,abstract
miss,concrete
narrow,concrete
pact,abstract
pidgin,abstract
pray,concrete
session,abstract
adage,abstract
altitude,abstract
career,abstract
charity,abstract
cleanness,abstract
error,abstract
intoxication,abstract
jangle,abstract
reap,concrete
rescue,abstract
revenue,abstract
savory,concrete
series,concrete
slang,abstract
sop,concrete
southland,abstract
chemistry,abstract
empty,abstract
profession,abstract
term,abstract
debate,abstract
drama,abstract
hour,concrete
insult,abstract
religion,abstract
seek,concrete
benefit,abstract
carnage,abstract
decomposition,abstract
greenness,abstract
height,concrete
incline,abstract
look,concrete
lunge,concrete
republic,abstract
safe,concrete
spell,abstract
type,concrete
victory,concrete
billed,concrete
command,concrete
menace,abstract
mirage,abstract
pair,concrete
pliable,concrete
quean,concrete
reading,concrete
rich,concrete
ritual,abstract
smother,concrete
ugly,concrete
bramble,concrete
epicure,abstract
full,abstract
little,concrete
revolution,abstract
wherry,concrete
act,abstract
chilly,abstract
collegiate,abstract
cynic,abstract
event,abstract
fifteen,concrete
ghost,concrete
impact,abstract
limelight,abstract
malady,abstract
moan,concrete
numb,abstract
one,concrete
playing,concrete
plot,abstract
possession,abstract
pressure,abstract
professional,abstract
quarrel,abstract
statement,abstract
sum,abstract
suspect,abstract
unbeliever,abstract
view,abstract
vile,abstract
clue,abstract
quicken,abstract
scare,abstract
sigh,concrete
causality,abstract
crush,concrete
demonstration,abstract
formation,abstract
gait,abstract
growth,abstract
humanity,abstract
long,concrete
management,abstract
occupation,abstract
ode,abstract
open,abstract
prayer,abstract
principal,concrete
rite,abstract
space,abstract
testimony,abstract
thane,concrete
wild,abstract
hoarse,abstract
background,abstract
broken,abstract
frail,concrete
phaeton,concrete
relation,abstract
slept,concrete
two,concrete
week,concrete
whoop,concrete
working,concrete
acidity,abstract
area,abstract
bawl,concrete
congress,abstract
heir,concrete
junior,concrete
piece,abstract
portion,concrete
rugged,abstract
title,abstract
whiteness,abstract
wither,concrete
ail,concrete
ate,concrete
atmosphere,abstract
decree,abstract
homicide,abstract
mechanical,abstract
pale,concrete
pass,concrete
wrote,concrete
charming,concrete
clumsy,concrete
dream,abstract
flutter,abstract
kill,abstract
kindle,concrete
math,abstract
paid,abstract
scowl,abstract
slumber,abstract
thick,concrete
toil,abstract
crime,abstract
crooked,concrete
multiplication,abstract
noun,abstract
pummel,concrete
question,abstract
amateur,abstract
artifice,abstract
belle,concrete
community,abstract
evaluate,abstract
expanse,abstract
hue,abstract
information,abstract
invention,abstract
joke,abstract
orderly,abstract
peep,concrete
rendezvous,abstract
review,abstract
solution,abstract
trim,concrete
business,abstract
call,concrete
course,abstract
half,abstract
leap,abstract
present,abstract
quiet,abstract
semester,abstract
trey,concrete
unit,concrete
vacuum,abstract
vote,abstract
age,concrete
alone,concrete
move,abstract
ration,abstract
astrolabe,abstract
burden,abstract
close,concrete
episode,concrete
establishment,abstract
gleam,abstract
sanitation,abstract
suffocate,concrete
trick,abstract
bit,abstract
clean,concrete
kingdom,abstract
nag,concrete
thin,concrete
zone,abstract
beautiful,concrete
clammy,abstract
deliver,abstract
recruit,concrete
sight,abstract
slavery,abstract
stale,abstract
stunt,abstract
surtax,abstract
assemble,concrete
broke,concrete
enchanter,concrete
glut,abstract
hear,concrete
marl,concrete
repair,abstract
side,concrete
accomplice,abstract
bard,concrete
creator,concrete
croak,concrete
lean,concrete
number,concrete
shock,abstract
simile,abstract
vision,abstract
dislocation,abstract
dozen,abstract
gush,abstract
hush,abstract
midnight,concrete
plunge,concrete
reward,abstract
stipend,abstract
answer,abstract
blow,concrete
deface,abstract
emission,abstract
hang,concrete
legislation,abstract
mass,abstract
mote,concrete
panorama,abstract
roe,concrete
sheer,abstract
us,concrete
warmth,abstract
anecdote,abstract
discolor,abstract
marriage,abstract
alien,concrete
angel,concrete
arid,abstract
bare,concrete
bargain,concrete
broad,concrete
clamor,abstract
clash,concrete
communication,abstract
gloom,abstract
he,concrete
permit,abstract
raw,abstract
slough,abstract
synod,abstract
tarn,concrete
treat,concrete
vice,abstract
alert,abstract
biology,abstract
deep,concrete
firm,abstract
flee,concrete
lighter,concrete
pat,concrete
patent,abstract
revolt,abstract
substitute,concrete
throng,abstract
throw,abstract
up,concrete
vane,concrete
vertical,abstract
abbess,concrete
frank,concrete
noll,concrete
brutal,abstract
build,abstract
caucus,abstract
colouration,abstract
combine,concrete
comfort,abstract
dim,abstract
entertain,concrete
express,abstract
grammar,abstract
nave,concrete
peal,abstract
rear,concrete
reflex,abstract
show,abstract
small,abstract
smash,concrete
squib,abstract
symbol,abstract
travel,abstract
vise,concrete
whirl,abstract
work,concrete
yelp,abstract
bet,concrete
bond,abstract
collection,abstract
dirge,abstract
expedition,abstract
gesture,abstract
gospel,abstract
meeting,concrete
thinker,abstract
transportation,abstract
circular,concrete
horizontal,abstract
lesson,abstract
rap,abstract
riddle,abstract
sever,abstract
sick,concrete
straight,concrete
sucker,concrete
tough,concrete
vestment,abstract
disaster,abstract
name,abstract
afternoon,concrete
damage,abstract
degree,abstract
delegation,abstract
dynasty,concrete
labour,abstract
mankind,abstract
mortal,abstract
peer,abstract
physics,abstract
population,abstract
she,concrete
smooth,concrete
subject,abstract
swarm,concrete
traction,abstract
charlatan,abstract
fell,concrete
raid,abstract
rumble,concrete
apex,concrete
crawl,concrete
detonation,abstract
gender,abstract
general,abstract
listen,concrete
scene,abstract
shady,concrete
site,abstract
bitter,abstract
donor,abstract
dowry,concrete
fall,concrete
gasp,abstract
graze,concrete
grow,concrete
liar,concrete
lord,concrete
performance,abstract
perpetrator,abstract
psalm,concrete
stride,abstract
task,abstract
tow,concrete
whack,concrete
wiggle,concrete
assault,abstract
deed,abstract
hunger,abstract
osculation,abstract
attack,abstract
bier,concrete
boundary,abstract
errand,abstract
frigid,abstract
laughter,abstract
panoply,abstract
peek,concrete
programme,abstract
rigid,abstract
shiny,concrete
slay,concrete
sprint,concrete
swell,abstract
awl,concrete
fair,abstract
fare,concrete
gilt,concrete
heavy,abstract
loud,concrete
magnate,concrete
mathematics,abstract
melt,abstract
stout,abstract
whiff,abstract
contents,concrete
friction,abstract
melee,concrete
nature,abstract
rhapsody,abstract
riot,abstract
soft,concrete
vacation,abstract
albumin,concrete
echo,concrete
flicker,abstract
morass,abstract
nation,abstract
rapid,abstract
debt,abstract
fatigue,abstract
graduation,abstract
hold,concrete
hunt,concrete
steerage,concrete
conference,abstract
cuttle,concrete
deposit,abstract
heal,abstract
inhale,concrete
loafer,concrete
military,abstract
profiteer,concrete
range,concrete
report,abstract
seel,concrete
siege,abstract
split,abstract
spook,concrete
spurt,abstract
subaltern,abstract
touch,abstract
buffoon,concrete
entree,concrete
mash,concrete
volume,abstract
accident,abstract
astronomy,abstract
beau,concrete
carbohydrate,abstract
darkness,abstract
her,concrete
imitator,concrete
pugilist,concrete
rhombus,concrete
speak,abstract
foal,abstract
glitter,abstract
interview,abstract
lorry,concrete
read,concrete
receiver,concrete
snap,concrete
urban,abstract
arbiter,abstract
autumn,concrete
coif,concrete
imprint,concrete
kink,abstract
mileage,concrete
obstruction,abstract
shrug,abstract
sing,concrete
sleave,concrete
deluge,abstract
educator,abstract
level,abstract
lure,concrete
mortgage,abstract
talk,abstract
blunderbuss,concrete
clang,concrete
commercial,abstract
decorate,concrete
thud,concrete
twist,concrete
accuser,abstract
company,abstract
employment,abstract
foe,concrete
front,concrete
jolt,abstract
nymph,concrete
ride,concrete
rogue,concrete
snort,abstract
toll,abstract
berth,concrete
citation,abstract
hard,concrete
permission,abstract
poetry,abstract
sob,concrete
tight,concrete
underworld,abstract
agency,abstract
burrow,concrete
curfew,concrete
electricity,abstract
government,abstract
humankind,abstract
maker,concrete
pain,abstract
plain,concrete
refuse,abstract
sampler,abstract
slag,abstract
festivity,abstract
place,abstract
savage,abstract
story,abstract
hero,concrete
chuckle,abstract
dead,concrete
empire,abstract
fraternity,abstract
income,abstract
lisp,abstract
neighbourhood,abstract
personnel,concrete
poll,abstract
strut,abstract
alter,concrete
arbor,concrete
brut,concrete
ceremony,abstract
cut,concrete
fertile,abstract
firmament,abstract
mince,concrete
waste,abstract
zenith,abstract
christmas,concrete
code,abstract
giver,abstract
grate,concrete
groan,concrete
job,abstract
kine,concrete
mocker,abstract
nutrient,abstract
payment,abstract
peacemaker,abstract
peck,concrete
peel,concrete
produce,abstract
provision,abstract
sue,abstract
fairy,concrete
laugh,abstract
stumble,abstract
tumble,abstract
enemy,concrete
howl,abstract
interior,abstract
parish,abstract
representative,abstract
rhyme,abstract
salve,abstract
bang,concrete
council,abstract
polyp,concrete
top,concrete
cry,abstract
item,abstract
live,concrete
alkali,abstract
athletics,abstract
elf,concrete
felt,concrete
jingle,concrete
news,concrete
nod,abstract
rent,concrete
roar,concrete
settlement,abstract
sit,concrete
torture,abstract
tuck,concrete
corps,concrete
form,abstract
ignition,abstract
round,concrete
aggressor,abstract
diadem,concrete
dissection,abstract
edition,abstract
evening,concrete
glare,abstract
holiday,abstract
hungry,concrete
invitation,abstract
load,abstract
matter,abstract
participant,abstract
rebel,abstract
spasm,abstract
summer,concrete
tall,concrete
three,concrete
wail,abstract
weather,abstract
weep,abstract
yell,concrete
youth,abstract
art,abstract
foxtrot,concrete
march,abstract
opponent,concrete
peon,concrete
quake,abstract
robbery,abstract
route,concrete
state,abstract
wampum,concrete
bail,abstract
base,concrete
besieger,concrete
compact,concrete
compatriot,concrete
correspondent,concrete
fee,abstract
grind,concrete
jerk,concrete
region,concrete
stranger,concrete
chew,concrete
draw,concrete
dreamer,abstract
fir,concrete
institution,abstract
strand,concrete
ache,abstract
blind,abstract
chow,concrete
grizzly,concrete
slice,concrete
socialist,abstract
tarnish,abstract
border,abstract
botany,abstract
design,abstract
device,concrete
jagged,concrete
running,concrete
seller,abstract
semicircle,concrete
sickness,abstract
coarse,abstract
murder,abstract
season,concrete
shoot,abstract
tales,abstract
tax,abstract
trawl,concrete
beech,concrete
trial,abstract
write,concrete
aster,concrete
curve,abstract
department,abstract
drove,concrete
flush,abstract
surface,abstract
wash,abstract
broil,concrete
capital,abstract
crank,concrete
gore,abstract
placard,concrete
slip,abstract
trip,abstract
alphabet,abstract
benefactor,concrete
diet,abstract
embrace,abstract
epitaph,abstract
flavour,abstract
gable,concrete
gulf,concrete
hobby,abstract
jobber,concrete
jump,concrete
lire,concrete
manicure,concrete
puzzle,concrete
smut,abstract
union,abstract
abyss,abstract
friend,concrete
fuzzy,abstract
granular,abstract
prophet,abstract
scholar,abstract
smell,abstract
stand,abstract
float,concrete
group,abstract
hide,abstract
inch,concrete
lecture,concrete
smack,concrete
thirsty,concrete
wage,abstract
bunch,concrete
dusty,concrete
gentry,abstract
irrigation,abstract
mine,concrete
mutilation,abstract
newborn,concrete
nine,concrete
rough,concrete
shape,abstract
walk,abstract
algebra,abstract
maize,concrete
molecule,abstract
speech,abstract
squirt,concrete
alimony,abstract
chic,abstract
frown,concrete
links,concrete
salutation,abstract
ballot,abstract
citizen,abstract
deputy,concrete
dusk,concrete
fight,abstract
graduate,abstract
member,concrete
opening,concrete
reaper,concrete
shiver,abstract
brawl,abstract
brisket,concrete
clink,abstract
contact,abstract
cowl,concrete
crock,concrete
domicile,abstract
duel,abstract
moonlight,concrete
parliament,abstract
salary,concrete
shear,abstract
squint,abstract
stanza,abstract
cold,abstract
roll,concrete
shadow,abstract
wrap,concrete
saint,abstract
shale,abstract
sour,abstract
welt,abstract
blue,concrete
cache,concrete
champion,concrete
continent,abstract
core,abstract
fable,abstract
fortification,abstract
keeper,concrete
mall,concrete
message,abstract
plumb,concrete
quack,abstract
sedative,abstract
self,abstract
territory,abstract
tip,concrete
witness,abstract
choral,abstract
green,abstract
mile,concrete
property,abstract
tempest,abstract
lift,concrete
squeak,abstract
acre,concrete
adventurer,concrete
alchemist,abstract
bale,concrete
brute,abstract
chink,abstract
combustion,abstract
display,abstract
faint,abstract
foundation,abstract
household,abstract
literature,abstract
outpost,abstract
oxide,abstract
sage,concrete
scent,abstract
turner,concrete
weight,concrete
busybody,concrete
mite,concrete
pollution,abstract
race,abstract
stroke,abstract
sweet,concrete
accommodation,abstract
annex,concrete
brigand,concrete
conspirator,abstract
construction,abstract
craft,abstract
examination,abstract
germ,abstract
jog,concrete
mark,abstract
point,abstract
prey,concrete
signal,abstract
taste,abstract
tune,concrete
blush,abstract
country,concrete
edge,abstract
galaxy,concrete
pestle,concrete
charter,abstract
ensemble,abstract
stile,concrete
angle,abstract
aperture,concrete
axil,concrete
boil,abstract
color,abstract
comforter,concrete
contract,abstract
exhaust,abstract
filth,abstract
flare,abstract
flyer,concrete
manufacturer,concrete
pioneer,abstract
shot,concrete
token,abstract
traitor,concrete
twilight,abstract
tyrant,concrete
vale,abstract
victim,abstract
well,concrete
writing,abstract
disturber,concrete
guide,abstract
gymnastics,concrete
infection,abstract
outsider,abstract
owner,concrete
play,concrete
spout,abstract
archery,abstract
black,concrete
footstep,concrete
inoculation,abstract
madman,concrete
ray,abstract
underbrush,abstract
arc,concrete
birth,abstract
gray,concrete
native,abstract
salute,abstract
shout,concrete
encephalon,abstract
figure,abstract
hank,concrete
heat,abstract
jitterbug,concrete
leak,abstract
leghorn,concrete
margin,concrete
navy,concrete
odour,abstract
pattern,abstract
puck,concrete
rape,abstract
shaker,concrete
temperature,concrete
vitriol,abstract
white,concrete
bright,concrete
tickle,concrete
ton,concrete
wizard,abstract
discharge,abstract
emporium,concrete
exterior,concrete
gnu,concrete
hind,concrete
individual,concrete
mica,concrete
prize,abstract
prop,concrete
receipt,abstract
rick,concrete
stalk,concrete
lair,concrete
scale,abstract
smelt,concrete
theologian,abstract
recital,concrete
sweep,concrete
venom,abstract
waltz,abstract
burial,abstract
chatterbox,abstract
day,concrete
executive,concrete
fissure,abstract
flock,concrete
game,abstract
junction,concrete
line,abstract
polka,concrete
war,abstract
mosque,concrete
spicy,abstract
tang,abstract
wet,concrete
article,concrete
breath,abstract
chasm,abstract
dip,concrete
franc,abstract
industry,abstract
notice,abstract
pest,abstract
plaza,concrete
purser,concrete
scream,concrete
spank,concrete
steppe,concrete
substance,abstract
troupe,concrete
wad,concrete
camouflage,abstract
file,concrete
flash,concrete
freeze,abstract
pawn,concrete
atom,abstract
frock,concrete
lathe,concrete
limp,abstract
loon,concrete
shriek,abstract
specimen,concrete
commode,abstract
goal,abstract
larkspur,concrete
liter,concrete
microbe,concrete
peddle,concrete
sender,abstract
somersault,concrete
swim,concrete
visitor,concrete
connoisseur,concrete
feline,concrete
fuselage,concrete
i,concrete
pint,concrete
entrance,concrete
oxygen,abstract
sleep,abstract
sole,concrete
speck,abstract
ally,concrete
eating,abstract
heap,abstract
hole,concrete
invader,abstract
kick,concrete
prow,concrete
quiver,concrete
segment,concrete
vet,concrete
vial,concrete
voice,abstract
decoy,concrete
eat,concrete
knoll,concrete
maroon,concrete
mold,abstract
sanctuary,abstract
scavenger,abstract
bivouac,concrete
composer,concrete
dowager,concrete
inferno,abstract
leader,abstract
object,abstract
patient,abstract
specialist,abstract
tremor,abstract
watch,concrete
carat,concrete
chamois,abstract
convention,abstract
gallon,concrete
itch,abstract
link,concrete
nerve,abstract
candidate,abstract
rheumatism,abstract
sphere,abstract
tidbit,abstract
volt,concrete
burn,abstract
coil,abstract
cornice,concrete
endosperm,abstract
grip,abstract
loop,abstract
salty,concrete
whisper,concrete
originator,concrete
sonata,concrete
adult,concrete
antique,concrete
aviator,concrete
daylight,abstract
dropper,concrete
fever,abstract
foreigner,abstract
gang,concrete
mousse,concrete
nob,concrete
obese,concrete
pore,abstract
team,concrete
traveller,abstract
wave,abstract
circuit,concrete
frontage,concrete
paragraph,abstract
rubble,abstract
boating,concrete
delta,concrete
dive,concrete
hop,abstract
mermaid,concrete
politician,abstract
trapezoid,concrete
derby,concrete
flax,concrete
polo,concrete
chute,concrete
night,concrete
party,abstract
comrade,concrete
cuisine,concrete
dark,concrete
injury,abstract
lowland,abstract
mist,abstract
shopper,abstract
soprano,abstract
walking,abstract
abode,abstract
clasp,concrete
committee,abstract
glutton,abstract
gutter,concrete
master,abstract
text,abstract
academy,abstract
incense,abstract
institute,abstract
resort,concrete
sandy,concrete
vapour,abstract
winter,abstract
breeze,concrete
burner,abstract
candlelight,concrete
earl,concrete
evangelist,abstract
flue,abstract
fuse,concrete
partner,abstract
procession,concrete
register,abstract
undergraduate,abstract
verse,concrete
brat,concrete
dawn,concrete
epistle,abstract
lymph,abstract
red,concrete
allotment,abstract
author,abstract
beam,abstract
blonde,concrete
casque,abstract
cast,concrete
cook,concrete
cousin,concrete
cover,concrete
dance,concrete
dump,concrete
emulsion,abstract
fellow,concrete
filling,concrete
hail,concrete
hymn,concrete
ounce,concrete
pick,concrete
reel,concrete
sore,abstract
sound,concrete
squire,concrete
yawn,abstract
chief,concrete
henchman,concrete
disease,abstract
lancer,concrete
metropolis,abstract
path,concrete
pile,abstract
quart,concrete
slide,concrete
sow,abstract
tear,abstract
tribe,concrete
counterpane,concrete
customer,abstract
detective,abstract
handmaid,concrete
observer,abstract
psychologist,abstract
wreck,concrete
derelict,concrete
groin,abstract
judge,abstract
malaria,abstract
pane,abstract
rusty,concrete
decoration,abstract
hot,concrete
hump,abstract
mate,concrete
mayor,abstract
serf,concrete
duke,concrete
hermit,abstract
inhabitant,abstract
mail,abstract
monsoon,concrete
scull,concrete
step,abstract
aisle,concrete
bite,concrete
brim,concrete
buffer,concrete
club,concrete
concern,abstract
court,abstract
fielder,concrete
fishing,concrete
foil,concrete
haze,abstract
lute,concrete
moat,concrete
quarter,abstract
ramrod,concrete
sting,abstract
troop,concrete
vaccination,abstract
wedding,abstract
profile,concrete
residue,abstract
carbon,abstract
colony,abstract
daybreak,concrete
ether,abstract
freight,abstract
me,concrete
nightfall,abstract
rim,concrete
sergeant,concrete
slap,concrete
sodium,abstract
trail,concrete
anteroom,abstract
arch,abstract
commander,concrete
music,concrete
nomad,abstract
sex,abstract
spot,abstract
wilderness,abstract
baron,abstract
cymbal,concrete
dell,concrete
destroyer,abstract
mahogany,concrete
mat,concrete
powder,concrete
racquet,concrete
sable,concrete
slope,concrete
cross,abstract
date,abstract
smile,abstract
song,concrete
spray,abstract
audience,abstract
circle,concrete
diner,concrete
giant,concrete
honeymoon,abstract
keel,concrete
labyrinth,abstract
lye,concrete
morning,concrete
mural,abstract
neighbour,concrete
nip,concrete
outfit,concrete
pound,concrete
servant,concrete
staff,abstract
sunlight,abstract
wink,abstract
captive,concrete
drill,concrete
dweller,abstract
gentleman,concrete
product,concrete
square,concrete
tide,concrete
wicket,concrete
aerial,abstract
certificate,abstract
dent,concrete
dome,abstract
guard,abstract
lard,concrete
medicine,abstract
merchant,abstract
rector,abstract
transformer,abstract
air,abstract
harem,concrete
proprietor,concrete
streamer,concrete
guest,abstract
naval,abstract
scarlet,concrete
thief,concrete
tuberculosis,abstract
bloom,concrete
column,abstract
crook,concrete
fleet,concrete
gadfly,abstract
lubricant,abstract
peso,concrete
prosecutor,abstract
sign,abstract
slit,concrete
test,abstract
retailer,concrete
rosin,concrete
falconer,concrete
ginger,concrete
shilling,abstract
witch,concrete
aluminum,concrete
colonel,concrete
crew,concrete
dwelling,abstract
frill,concrete
manor,concrete
parade,concrete
planet,abstract
rash,abstract
scratch,abstract
triangle,abstract
paul,concrete
soccer,concrete
spring,concrete
bump,abstract
cartilage,abstract
family,concrete
fencing,abstract
fly,concrete
gasket,abstract
gig,concrete
headquarters,abstract
hook,concrete
lightning,concrete
monarch,abstract
note,abstract
parcel,abstract
saltpetre,concrete
sunset,concrete
warrior,concrete
zoologist,concrete
belfry,concrete
beverage,abstract
brake,concrete
cleaver,concrete
hostage,concrete
islander,concrete
pelt,abstract
president,abstract
spark,abstract
spoke,concrete
barb,concrete
channel,concrete
cornet,concrete
emperor,concrete
essay,abstract
messenger,concrete
mineral,concrete
poison,abstract
storm,abstract
sunshine,abstract
surf,concrete
admiral,concrete
bill,abstract
dame,concrete
maze,concrete
nursery,concrete
relic,abstract
veal,concrete
capitol,abstract
eyrie,concrete
gnat,concrete
novel,abstract
performer,abstract
thimble,concrete
cube,concrete
dot,concrete
infantry,concrete
isle,concrete
minstrel,concrete
mistress,concrete
prong,abstract
antitoxin,abstract
engineer,concrete
habitation,abstract
port,concrete
builder,abstract
chart,abstract
cue,abstract
drape,concrete
equipment,abstract
fowl,concrete
janitor,concrete
lobby,abstract
midshipman,concrete
projectile,abstract
rung,concrete
saw,concrete
worker,abstract
world,concrete
attendant,concrete
beggar,concrete
corner,concrete
enamel,abstract
gift,abstract
opal,concrete
post,concrete
racketeer,concrete
settler,abstract
tourist,abstract
university,abstract
captain,concrete
cavern,abstract
coffer,abstract
lotion,abstract
maple,concrete
suite,concrete
benzene,abstract
brownie,concrete
carol,concrete
castor,concrete
circus,abstract
globe,concrete
grave,abstract
harvest,abstract
hockey,concrete
hunter,abstract
match,concrete
plane,concrete
polish,abstract
rack,concrete
rosary,abstract
sketch,abstract
stain,abstract
tailor,concrete
cerebrum,abstract
kabob,concrete
kid,concrete
wafer,abstract
convent,abstract
dial,abstract
gullet,abstract
hoe,concrete
lane,concrete
lint,concrete
mercury,abstract
peg,concrete
queen,abstract
rein,abstract
speaker,abstract
yellow,concrete
abscess,abstract
ewe,concrete
formaldehyde,abstract
garret,concrete
gauntlet,concrete
grove,concrete
invoice,concrete
lodge,concrete
lyre,concrete
mutton,concrete
pail,concrete
periodical,abstract
piping,abstract
promenade,concrete
ramp,abstract
seam,abstract
silk,concrete
siren,abstract
sleet,abstract
tap,concrete
womb,abstract
avenue,abstract
caravan,concrete
cup,concrete
home,abstract
material,concrete
mucous,abstract
slave,concrete
wholesaler,abstract
back,concrete
brocade,concrete
capsule,concrete
fat,abstract
gingham,concrete
golf,abstract
jury,abstract
lap,concrete
manganese,abstract
people,concrete
rail,abstract
sap,concrete
sash,concrete
stake,concrete
stump,concrete
tweezer,concrete
canon,abstract
creature,concrete
crumb,abstract
estate,concrete
hamlet,concrete
nephew,concrete
ram,concrete
smoke,abstract
violet,concrete
barnacle,concrete
cell,abstract
dinner,concrete
dye,abstract
feast,abstract
landscape,abstract
loot,concrete
lump,abstract
noose,concrete
prince,concrete
sky,abstract
stub,abstract
typhoon,concrete
wench,concrete
yoke,abstract
army,concrete
boatswain,concrete
cloak,abstract
friar,abstract
herdsman,concrete
instrument,abstract
lead,concrete
lice,abstract
thong,concrete
armor,concrete
bleach,concrete
cable,concrete
cent,concrete
costume,concrete
damsel,concrete
pup,concrete
algae,concrete
athlete,concrete
casement,concrete
lace,concrete
machinery,abstract
maiden,abstract
moisture,abstract
phial,concrete
portal,abstract
receptacle,concrete
robber,concrete
slime,concrete
suit,abstract
synagogue,concrete
ambassador,abstract
cleat,abstract
crowd,concrete
dandruff,abstract
podium,concrete
bandit,concrete
banker,concrete
bass,concrete
bureau,abstract
cash,abstract
chloride,abstract
copper,abstract
dimple,abstract
diving,concrete
hood,concrete
juggler,abstract
lichen,concrete
magnesium,concrete
platform,abstract
ridge,concrete
swallow,abstract
telegraph,abstract
thunder,concrete
track,concrete
widow,concrete
bib,concrete
case,abstract
lad,concrete
mortar,concrete
prisoner,abstract
projector,abstract
punch,concrete
store,concrete
swimming,concrete
voter,abstract
bud,concrete
custard,concrete
drink,abstract
husband,concrete
mammal,concrete
mare,abstract
professor,abstract
rattle,concrete
shop,concrete
student,abstract
workhouse,concrete
dust,abstract
halter,concrete
light,abstract
magnet,abstract
moth,concrete
officer,concrete
peasant,concrete
semen,abstract
stripe,abstract
uniform,abstract
vault,concrete
velveteen,concrete
dummy,concrete
market,concrete
miner,concrete
stocking,concrete
urn,concrete
auditorium,abstract
beak,concrete
bosom,abstract
boss,concrete
garment,abstract
jack,concrete
lunch,concrete
oatmeal,concrete
opium,abstract
poet,abstract
scar,abstract
steam,abstract
wind,concrete
cathedral,concrete
disc,concrete
driver,concrete
flood,abstract
graph,abstract
oat,concrete
overshoe,abstract
rust,abstract
singer,concrete
vein,abstract
yard,concrete
artist,concrete
avalanche,abstract
city,abstract
cloud,abstract
clover,concrete
college,abstract
gas,abstract
ham,concrete
mane,concrete
pew,abstract
rectangle,concrete
referee,concrete
suds,abstract
axle,abstract
chop,concrete
chrome,concrete
creeper,concrete
ditch,concrete
drug,abstract
evergreen,concrete
fleece,concrete
liquid,concrete
menu,concrete
nozzle,concrete
polio,abstract
ruler,concrete
starch,abstract
tunnel,concrete
bolt,concrete
booth,concrete
brain,abstract
butcher,concrete
crag,concrete
fog,abstract
nectar,abstract
pump,abstract
stem,abstract
town,abstract
alley,concrete
fan,concrete
flora,concrete
infirmary,abstract
jockey,concrete
nest,concrete
pet,concrete
treasurer,concrete
appliance,abstract
armadillo,concrete
block,concrete
boar,concrete
bristle,abstract
chinchilla,concrete
cranium,concrete
dancer,concrete
dandelion,concrete
drizzle,abstract
foot,concrete
gavel,concrete
ground,concrete
herb,concrete
instructor,abstract
kale,concrete
methylene,abstract
monument,abstract
passage,abstract
patch,concrete
plug,concrete
record,concrete
root,concrete
stair,concrete
ulcer,abstract
vehicle,concrete
blossom,concrete
croquet,concrete
floor,concrete
fuel,abstract
hexagon,concrete
kernel,abstract
king,concrete
paste,concrete
scab,abstract
twig,concrete
bacteria,concrete
dresser,concrete
hardware,abstract
jelly,concrete
lieutenant,concrete
lumber,concrete
magician,abstract
veil,abstract
weapon,concrete
whisker,concrete
ark,concrete
badge,abstract
chassis,concrete
coach,concrete
lecturer,abstract
priest,abstract
ranch,concrete
steeple,concrete
web,concrete
wound,abstract
babe,concrete
coast,concrete
concrete,abstract
dungeon,concrete
frame,concrete
gabardine,concrete
graphite,abstract
honeycomb,concrete
passenger,concrete
pasture,concrete
person,concrete
pulpit,abstract
racket,concrete
scout,concrete
shutter,concrete
skate,concrete
stable,abstract
wife,concrete
ammonia,abstract
bark,concrete
bubble,abstract
harness,concrete
jam,concrete
journal,concrete
minister,concrete
seaman,concrete
sneeze,abstract
soot,abstract
sultan,concrete
sunburn,abstract
supper,concrete
tire,concrete
tunic,concrete
waist,concrete
amplifier,concrete
aunt,concrete
bat,concrete
battle,abstract
beast,abstract
bungalow,concrete
clam,concrete
cord,concrete
crucifix,abstract
dirt,abstract
kiss,concrete
lady,concrete
library,concrete
male,abstract
monastery,abstract
musician,abstract
reed,concrete
sewer,abstract
silver,concrete
tape,concrete
bar,concrete
board,concrete
candle,concrete
card,concrete
cheek,abstract
clove,abstract
dairy,concrete
fabric,concrete
farm,concrete
forelock,concrete
grandfather,concrete
guy,concrete
hall,abstract
herd,concrete
lock,concrete
map,abstract
motor,concrete
mucus,abstract
palette,concrete
pianist,concrete
sanitarium,abstract
scooter,concrete
spade,concrete
spool,concrete
tack,concrete
temple,abstract
acrobat,concrete
bouquet,abstract
deck,concrete
edifice,abstract
monkey,concrete
room,concrete
banner,abstract
choir,abstract
fisherman,concrete
footwear,abstract
hardwood,concrete
ivy,concrete
pastor,abstract
sail,concrete
toy,concrete
utensil,concrete
whalebone,concrete
body,abstract
bronze,concrete
buckle,abstract
cafe,concrete
corridor,abstract
duchess,concrete
font,abstract
lynx,concrete
measles,abstract
mouth,abstract
painter,abstract
pouch,concrete
princess,abstract
seat,concrete
spruce,concrete
tie,concrete
toad,concrete
urchin,concrete
gallery,abstract
icicle,concrete
lawyer,concrete
lung,abstract
office,concrete
sod,concrete
stadium,abstract
sweat,abstract
teacher,abstract
wax,concrete
baton,concrete
bourbon,concrete
clothing,abstract
cyst,abstract
dock,concrete
girdle,abstract
jade,concrete
leaflet,abstract
monk,abstract
pampas,concrete
portrait,concrete
prison,abstract
pupil,concrete
skull,abstract
slush,concrete
string,abstract
swamp,concrete
tool,concrete
tweed,concrete
upholstery,concrete
wand,concrete
warbler,concrete
whip,concrete
camp,abstract
cruiser,concrete
ivory,concrete
medal,abstract
page,abstract
pen,concrete
thicket,concrete
vessel,concrete
bow,concrete
cellar,concrete
coral,concrete
garbage,abstract
hurdle,abstract
lever,abstract
morgue,abstract
oar,concrete
purse,concrete
rabbi,concrete
rudder,concrete
sapphire,abstract
spike,abstract
station,abstract
amethyst,abstract
bank,concrete
berry,concrete
blister,abstract
cone,concrete
crypt,concrete
gate,concrete
gem,abstract
lens,concrete
muscle,abstract
outhouse,concrete
oyster,concrete
pancreas,abstract
physician,abstract
pool,concrete
school,abstract
tomb,abstract
wharf,concrete
wheel,concrete
aspirin,abstract
biscuit,concrete
fang,concrete
fiord,concrete
flannel,concrete
mixer,abstract
money,abstract
policeman,concrete
refrigerator,concrete
screwdriver,concrete
shore,concrete
star,concrete
tennis,concrete
trellis,concrete
apartment,concrete
bowl,concrete
doctor,abstract
dollar,abstract
highway,concrete
leather,concrete
moss,concrete
prairie,concrete
saloon,concrete
sister,concrete
valley,concrete
vest,concrete
breakfast,concrete
carriage,abstract
cart,concrete
chocolate,concrete
cockpit,concrete
cocktail,abstract
cologne,abstract
corn,concrete
dagger,concrete
dormitory,abstract
dunghill,concrete
eaves,abstract
gardenia,concrete
gold,abstract
grocer,concrete
hailstone,concrete
hurricane,concrete
iodine,abstract
laundry,concrete
mast,concrete
mug,concrete
newspaper,abstract
perch,concrete
sauce,concrete
secretary,concrete
shield,abstract
spire,concrete
village,concrete
vodka,concrete
brass,concrete
canary,concrete
curb,abstract
foam,abstract
letter,abstract
medallion,concrete
net,concrete
paint,concrete
pole,concrete
sword,concrete
timepiece,concrete
tripod,concrete
vestibule,abstract
ale,concrete
asbestos,abstract
beret,concrete
china,concrete
couch,concrete
dew,abstract
disinfectant,concrete
doorway,concrete
lark,abstract
latch,concrete
machine,concrete
millstone,concrete
molasses,concrete
orchestra,concrete
pocket,concrete
reptile,concrete
soldier,concrete
sperm,abstract
suede,abstract
throat,abstract
timber,concrete
warehouse,abstract
cinder,concrete
doe,concrete
elm,concrete
envelope,concrete
grandmother,concrete
heel,abstract
infant,concrete
knight,abstract
lettuce,concrete
mansion,concrete
mantle,abstract
mother,concrete
palace,abstract
park,concrete
picture,concrete
pimple,abstract
railroad,abstract
skillet,concrete
snail,concrete
street,concrete
toaster,concrete
trolley,concrete
whistle,concrete
bay,concrete
beard,abstract
breast,abstract
chest,concrete
cigar,concrete
cloth,concrete
coke,concrete
earth,abstract
easel,concrete
ferry,concrete
fort,concrete
jet,concrete
mechanic,concrete
morphine,abstract
package,concrete
python,concrete
tusk,concrete
uncle,concrete
velvet,concrete
woman,concrete
cape,concrete
carpet,concrete
child,concrete
coin,abstract
fawn,concrete
hog,concrete
horsehair,concrete
linen,concrete
moon,concrete
oil,abstract
shovel,concrete
sock,concrete
soil,abstract
tank,concrete
tube,concrete
umpire,concrete
children,concrete
dime,concrete
fiddle,concrete
flame,abstract
metal,concrete
sack,concrete
toast,concrete
ash,abstract
asphalt,concrete
branch,abstract
burlap,concrete
crocodile,concrete
desk,concrete
furniture,concrete
hair,concrete
hive,concrete
hound,concrete
human,abstract
kerchief,concrete
knitting,concrete
mohair,concrete
navel,abstract
nun,concrete
offal,abstract
pendulum,abstract
restaurant,concrete
road,concrete
rocker,concrete
scotch,concrete
sixpence,concrete
submarine,concrete
wigwam,concrete
zoo,concrete
blade,concrete
coal,abstract
flower,concrete
football,concrete
hairpin,abstract
hospital,abstract
iron,concrete
pollen,concrete
pot,concrete
spear,concrete
wallet,concrete
airship,concrete
basement,abstract
bear,abstract
bible,abstract
brother,concrete
bush,concrete
forceps,abstract
lake,concrete
muzzle,concrete
napkin,concrete
pork,concrete
river,concrete
slipper,abstract
tower,concrete
wire,concrete
woodland,abstract
abdomen,abstract
accordion,concrete
caterpillar,concrete
crown,concrete
engine,abstract
factory,abstract
gown,concrete
keg,concrete
knob,concrete
knuckle,concrete
locker,abstract
men,abstract
nutmeg,abstract
oboe,abstract
pan,concrete
petal,concrete
piston,abstract
rattlesnake,concrete
roof,concrete
schoolhouse,concrete
spatula,concrete
steel,concrete
thorn,concrete
toilet,concrete
tomahawk,concrete
animal,abstract
beer,concrete
bishop,abstract
canteen,concrete
chapel,concrete
church,abstract
claw,concrete
corpse,abstract
cowhide,concrete
cradle,concrete
crystal,concrete
flute,concrete
gravel,abstract
meat,concrete
neck,concrete
seal,concrete
sleeve,concrete
tablespoon,concrete
thyme,concrete
bone,abstract
doll,concrete
dove,concrete
hill,concrete
lawn,concrete
lizard,concrete
magazine,concrete
noodle,concrete
nurse,concrete
oak,abstract
pier,concrete
shower,concrete
shrub,concrete
trash,abstract
baby,concrete
beaver,concrete
blacksmith,concrete
brush,concrete
building,abstract
hut,concrete
iris,concrete
mink,concrete
shoulder,concrete
spinach,concrete
wall,concrete
willow,concrete
band,concrete
barrel,concrete
cane,concrete
crow,concrete
forehead,abstract
glacier,concrete
jail,abstract
limb,abstract
lime,concrete
lip,abstract
lobster,concrete
mole,abstract
movie,abstract
penicillin,abstract
photograph,concrete
scorpion,concrete
sink,concrete
ski,concrete
spice,abstract
ticket,abstract
tractor,concrete
tray,concrete
tweezers,concrete
armour,concrete
bottle,concrete
chlorine,abstract
cliff,concrete
clock,concrete
drain,abstract
harp,concrete
hotel,abstract
microscope,abstract
pepper,concrete
rod,concrete
steamer,concrete
stove,concrete
sulphur,abstract
volcano,concrete
arm,concrete
brassiere,concrete
calf,concrete
cave,concrete
chin,concrete
fireplace,concrete
fork,concrete
goblet,concrete
harpoon,concrete
inn,concrete
kite,concrete
mule,concrete
pine,concrete
plank,concrete
poster,concrete
revolver,abstract
stool,abstract
telescope,concrete
train,abstract
butterfly,concrete
cabinet,concrete
cage,concrete
cottage,concrete
fountain,abstract
insect,abstract
knee,concrete
leaf,concrete
ocean,concrete
oven,concrete
pit,concrete
platter,concrete
pope,abstract
propeller,concrete
pudding,concrete
ring,concrete
rosebud,concrete
satchel,concrete
scroll,abstract
seaweed,concrete
tin,concrete
yolk,concrete
bucket,concrete
father,concrete
jewel,concrete
meadow,concrete
plant,abstract
raspberry,concrete
ruby,concrete
salt,concrete
satin,concrete
wheat,concrete
ambulance,abstract
anchor,concrete
arrow,abstract
bomb,abstract
boot,concrete
brandy,concrete
bullet,abstract
chain,abstract
coffin,abstract
daffodil,concrete
dress,concrete
fire,abstract
flask,concrete
jar,concrete
leopard,concrete
mosquito,concrete
mustard,concrete
plate,concrete
quill,concrete
salad,concrete
truck,concrete
vase,concrete
wing,concrete
wolf,concrete
cabin,concrete
cranberry,concrete
hoof,concrete
hose,concrete
island,concrete
organ,concrete
palm,concrete
porch,concrete
rubber,abstract
scissors,concrete
sea,concrete
trunk,concrete
bee,concrete
boulder,concrete
box,concrete
camel,concrete
chisel,concrete
fence,concrete
fish,concrete
flesh,abstract
food,abstract
geese,concrete
gym,abstract
kerosene,abstract
missile,concrete
nickel,concrete
panties,concrete
pearl,concrete
rake,concrete
shell,concrete
sponge,abstract
tar,concrete
trailer,concrete
bin,concrete
canal,concrete
nail,concrete
shepherd,concrete
soap,concrete
yew,concrete
cinnamon,concrete
closet,abstract
face,abstract
grass,concrete
hamster,concrete
juice,concrete
orchid,concrete
paper,concrete
rib,concrete
wick,abstract
zipper,concrete
aluminium,concrete
bath,concrete
bayonet,concrete
cardinal,abstract
cattle,concrete
chestnut,concrete
clothes,abstract
curler,concrete
furnace,abstract
pin,concrete
quail,concrete
rain,abstract
ribbon,concrete
rock,concrete
rum,concrete
rye,abstract
sheepskin,concrete
shoe,abstract
soda,concrete
statue,abstract
weed,concrete
bagpipe,concrete
coat,concrete
fur,concrete
hat,concrete
orange,abstract
vine,concrete
basin,concrete
belt,concrete
bird,concrete
bracelet,concrete
candy,concrete
drum,concrete
garden,concrete
helmet,concrete
kettle,concrete
meal,concrete
pedal,concrete
pipe,abstract
tortoise,concrete
vegetable,concrete
bag,concrete
dad,concrete
harbour,concrete
head,concrete
monocle,abstract
saddle,abstract
stew,concrete
straw,concrete
ant,concrete
bean,abstract
cannon,concrete
film,abstract
hand,concrete
land,concrete
puddle,concrete
sauerkraut,concrete
stick,concrete
table,concrete
tree,concrete
turpentine,abstract
whiskey,concrete
fox,concrete
hammer,concrete
heart,abstract
mirror,abstract
mud,concrete
basket,concrete
ceiling,concrete
chair,concrete
clay,concrete
crane,concrete
door,concrete
doughnut,concrete
duck,concrete
earthworm,concrete
flag,abstract
gondola,concrete
gravy,concrete
newt,concrete
penny,abstract
pickle,concrete
rifle,abstract
sardine,concrete
saucer,concrete
shawl,concrete
sycamore,concrete
trombone,concrete
umbrella,abstract
van,concrete
wood,concrete
yacht,concrete
automobile,abstract
cigarette,concrete
dentist,concrete
elbow,abstract
girl,concrete
glove,concrete
hatchet,concrete
spider,concrete
thread,abstract
toe,concrete
ankle,abstract
asparagus,concrete
cedar,concrete
cork,concrete
cotton,concrete
dart,concrete
farmyard,concrete
forearm,concrete
frost,abstract
fudge,concrete
house,concrete
ink,concrete
lemon,concrete
mouthpiece,concrete
needle,concrete
rice,concrete
rope,concrete
rose,concrete
sheet,concrete
tent,concrete
trumpet,concrete
wool,concrete
book,concrete
boy,concrete
forest,concrete
kilt,concrete
lily,concrete
pigeon,concrete
sandal,concrete
tea,concrete
tobacco,abstract
trapeze,concrete
window,concrete
brick,concrete
diamond,concrete
dog,concrete
pill,concrete
strawberry,concrete
whale,concrete
beehive,concrete
brook,concrete
cabbage,concrete
cherry,concrete
chipmunk,concrete
cock,abstract
grape,concrete
honey,concrete
kennel,concrete
marble,concrete
moccasin,concrete
overcoat,concrete
pony,concrete
prune,concrete
rug,concrete
seed,concrete
shark,concrete
shed,concrete
thistle,concrete
tiger,concrete
typewriter,concrete
worm,concrete
beach,concrete
fruit,abstract
gun,abstract
key,abstract
kitten,concrete
knife,concrete
squirrel,concrete
thermometer,concrete
blood,abstract
broom,concrete
button,abstract
carp,concrete
casket,abstract
coffee,concrete
daisy,concrete
egg,concrete
emerald,abstract
horse,concrete
pie,concrete
pillow,concrete
quilt,concrete
sleigh,concrete
tail,concrete
barn,concrete
bench,concrete
catfish,concrete
chicken,concrete
corkscrew,concrete
owl,concrete
pea,concrete
pig,concrete
skin,abstract
skirt,concrete
skylark,concrete
spoon,concrete
stone,concrete
stork,concrete
adder,abstract
ball,concrete
bedroom,concrete
cancer,abstract
cat,concrete
hare,concrete
hedge,concrete
lamp,concrete
lemonade,concrete
ornament,concrete
painting,abstract
piano,abstract
pyramid,concrete
radio,concrete
ship,concrete
soup,concrete
eagle,concrete
moose,concrete
mountain,concrete
sand,concrete
shirt,concrete
water,abstract
herring,concrete
jaw,abstract
liver,abstract
peach,abstract
pencil,concrete
stomach,abstract
sun,abstract
trout,concrete
alcohol,abstract
burro,concrete
butter,abstract
handkerchief,concrete
horn,concrete
man,concrete
mussel,concrete
olive,concrete
skyscraper,concrete
snow,concrete
teeth,concrete
wig,concrete
beetle,concrete
frog,concrete
pants,concrete
telephone,abstract
tooth,abstract
tulip,concrete
apple,concrete
bell,concrete
birch,concrete
gorilla,concrete
sugar,abstract
albatross,concrete
bluebell,concrete
cow,concrete
cream,abstract
ice,abstract
jersey,concrete
leek,concrete
minnow,concrete
nightingale,concrete
snake,concrete
stoat,concrete
wine,concrete
blanket,concrete
bread,abstract
car,concrete
carrot,concrete
collar,concrete
indian,concrete
jeep,concrete
sheep,concrete
axe,concrete
balloon,abstract
bridge,concrete
canoe,concrete
gingerbread,concrete
harpsichord,concrete
hawk,concrete
hay,concrete
larch,concrete
mallet,concrete
pond,concrete
puppy,concrete
alligator,concrete
cake,concrete
cheese,concrete
limousine,concrete
mouse,concrete
phone,concrete
rat,abstract
saxophone,abstract
carnation,concrete
flea,concrete
bulldog,concrete
cider,concrete
crab,concrete
leg,concrete
violin,concrete
camera,abstract
clown,concrete
dough,concrete
lion,abstract
elephant,concrete
nose,abstract
bra,concrete
firewood,concrete
potato,concrete
shrimp,concrete
sofa,concrete
sparrow,concrete
walrus,concrete
wren,concrete
belly,abstract
lantern,concrete
liquor,abstract
deer,concrete
hen,concrete
macaroni,concrete
otter,concrete
onion,concrete
plum,concrete
banana,concrete
clarinet,abstract
lamb,concrete
necklace,concrete
ox,concrete
chalk,abstract
cookie,concrete
eel,concrete
eye,abstract
pear,concrete
tongue,abstract
bed,concrete
glass,concrete
jacket,concrete
rabbit,concrete
garlic,concrete
goat,concrete
haddock,concrete
mackerel,concrete
beef,concrete
boat,concrete
cereal,concrete
robin,concrete
apricot,concrete
heroin,abstract
thumb,concrete
bandage,abstract
gin,concrete
blouse,concrete
ear,concrete
mattress,concrete
cauliflower,concrete
feet,concrete
walnut,concrete
manure,abstract
nightgown,concrete
tornado,concrete
turtle,concrete
beet,concrete
pliers,concrete
rocket,concrete
tangerine,concrete
vinegar,concrete
cement,abstract
steak,concrete
skunk,abstract
cucumber,concrete
pineapple,concrete
ape,concrete
grasshopper,concrete
tomato,concrete
milk,concrete
